{
  "tankbrain": {
    "in": 12,
    "hn_1": 20,
    "on": 3,
    "weights_i_h": {
      "mathjs": "DenseMatrix",
      "data": [
        [
          -1.6451087070356938,
          -0.3994858848464951,
          0.005671169331642273,
          -0.0006984195788197964,
          0.6507441329255265,
          0.7471766345710765,
          -1.5787252739702926,
          -1.425518033312081,
          0.8292241377318909,
          -0.44706043390282474,
          0.6108173566634717,
          0.8213772236113702,
          -0.9225357874453817,
          0.23288237493520647,
          1.215587930807625,
          0.4096063305405767,
          -0.34504667421383334,
          0.2526698122167844,
          2.583117033391596,
          1.1332025741119731
        ],
        [
          -0.1846743322359536,
          0.47140312164687503,
          0.9954732648424047,
          -1.9204269779991425,
          -0.987460359192865,
          -1.8573164310507637,
          -0.9291929720711004,
          0.58102680251307,
          -0.18040139530673194,
          -1.726464181754154,
          0.2139017577765599,
          -2.8600632465828495,
          0.24668088166982965,
          -1.8589507370080438,
          1.4700498602735521,
          -2.5441003489334113,
          0.5179310350018766,
          -0.27792134492516574,
          0.13896550407989133,
          -2.1965879864738485
        ],
        [
          0.3122107317293742,
          1.0165845604386312,
          0.2976428614332002,
          -0.015307620738576555,
          -0.2917722605469678,
          -1.146486654270255,
          -1.4695247674882597,
          -0.5322459159852722,
          -1.437547395622396,
          -1.7767487082276245,
          -1.2963195634415843,
          -0.14175037790780073,
          0.3160471814597232,
          2.48329950663543,
          -0.1553245551687678,
          1.7407574694307613,
          1.8734859334059364,
          0.8088843182074339,
          -1.5492278936148414,
          -0.6342098652560695
        ],
        [
          -1.6736464707030212,
          1.6792799525075826,
          -0.44291478437231,
          0.6416505094983163,
          -1.5060968009252003,
          2.0885900619806916,
          0.6139424956488131,
          1.040000342707525,
          -2.4689448382175465,
          -0.8504512261157929,
          -1.206180910181986,
          -0.09779357857457618,
          0.054087766227062364,
          0.7241717946646115,
          1.9520743055511125,
          1.4855885227633194,
          0.24073956841625835,
          1.4511970724763699,
          -0.3314299591467447,
          -0.8362477329138639
        ],
        [
          3.473430079510752,
          -1.2203778036815076,
          0.4305435494393849,
          0.27896603336313186,
          -2.698032582302888,
          1.3293874136047863,
          3.289201610574501,
          -1.9015544289264508,
          1.2819831720014994,
          2.4887198387719676,
          -0.11182241890217445,
          1.0708722471374137,
          1.7100528061782,
          -4.58725427021208,
          -0.7604642672655644,
          -1.6579252441558963,
          -0.9378651249125586,
          1.76369495865353,
          1.0778516367206645,
          -3.433427397303456
        ],
        [
          0.6125468427600036,
          1.2502196483158199,
          0.13882567959145348,
          -1.3480381046497862,
          1.1212861154822913,
          -1.8569383517243725,
          -4.013265408442967,
          -0.37754613602152887,
          -0.7466957349277252,
          -1.0306918377205934,
          -1.7767175528387171,
          -0.3919560434206418,
          -1.4633305451365948,
          1.0730431828380083,
          -2.685680523325183,
          2.3866234260229735,
          0.04724944114606766,
          2.2453753746447296,
          -0.6161938995597163,
          1.4869870239775964
        ],
        [
          0.4590950821424222,
          1.0011280449074818,
          -1.3558897001453754,
          -0.8174204858107075,
          -1.1034054333815053,
          1.2535597476625866,
          1.1179899630870638,
          0.4779027556974462,
          1.7745372689618852,
          -0.5930976220038788,
          2.1482505336116753,
          -0.7797928987030612,
          1.9291454942017898,
          0.018067359523445556,
          0.898475753854242,
          -1.1139467881887286,
          -0.11258318824446006,
          0.2521812751572917,
          -0.14528902403176486,
          2.9107810880067815
        ],
        [
          0.9686194872783602,
          1.2201920375077955,
          -0.7942567213631936,
          -0.020106449924059827,
          0.20206603123648642,
          -0.09326724879685067,
          0.33789116508576433,
          0.42864660807509924,
          -1.986658970815661,
          0.941557169731717,
          -0.41859627942444183,
          1.4245822052632422,
          -1.3616726797569845,
          -1.2630030020758047,
          -2.3013040531717444,
          2.5139355513371333,
          1.6569330727059481,
          1.141682653348598,
          -2.888126656576056,
          1.1831685100998282
        ],
        [
          -0.7782352933172922,
          -0.03075224904875784,
          1.2510666662392536,
          2.5505361926266032,
          2.1715740515529958,
          -0.21588902887969383,
          0.7578154306690739,
          -0.6832690530621569,
          2.9944784628158057,
          -1.67365800040544,
          -0.6495710239224068,
          0.7295010554091979,
          -0.37007281428439,
          -1.1652019282722395,
          -2.6958963066038217,
          1.0556350509850085,
          -3.049713657345636,
          0.8775090858587944,
          -0.512307535979682,
          0.3440931305515333
        ],
        [
          4.106894801612404,
          -1.0449737362169236,
          0.9913992911292737,
          0.5587626716995144,
          2.853009928505104,
          -0.8988505620925378,
          -1.7156020906705647,
          -1.7495163154085331,
          0.3435464719905979,
          0.697526397721289,
          -1.3874892443363527,
          -2.105053990547428,
          -1.8693024808015697,
          -0.6392996175224438,
          2.865608713600146,
          0.2156682143753702,
          0.8086284348756703,
          -1.7718345091069412,
          0.053565222525643746,
          0.32682390196029004
        ],
        [
          1.711696328132126,
          1.7545771602497835,
          -0.04159292353826128,
          0.42673202681062206,
          -1.6718251925366332,
          0.3056142947531105,
          1.1250130208744316,
          0.7043348052895348,
          0.44877306473398226,
          -1.4596462298048676,
          -1.2135669041709631,
          -0.30123365521445133,
          0.5715124581748777,
          1.0013371264175488,
          -1.3091802982071499,
          -0.1993789210080119,
          -2.1370061989814344,
          -0.9699325295652506,
          -0.9282646483629962,
          0.7702239858631889
        ],
        [
          -0.3925308413202229,
          1.2444566909512293,
          -0.2556511615657698,
          -0.8409682986232931,
          1.0289529152315637,
          0.529252179750081,
          0.22840215993664828,
          -1.0387093708982174,
          1.6355191725171552,
          -1.1980240780231202,
          -1.587210909091685,
          2.6030363190032046,
          -0.3207216674296175,
          -1.096677108005043,
          -0.651878909809185,
          -1.7655867885831713,
          0.7146936051340925,
          1.274840641201649,
          -0.9429793651581649,
          -0.052329860842975584
        ]
      ],
      "size": [
        12,
        20
      ]
    },
    "weights_h_o": {
      "mathjs": "DenseMatrix",