{
  "in": 12,
  "hn_1": 20,
  "hn_2": 15,
  "on": 3,
  "weights_i_h": {
    "mathjs": "DenseMatrix",
    "data": [
      [
        -1.4176533787258434,
        1.7875081851048966,
        -0.6809572699928522,
        -0.0986609825534572,
        0.7299684267900508,
        -0.29893903734917365,
        -0.5424849102814048,
        0.2799085871620986,
        -0.2414691851394639,
        -0.38765007454613565,
        -0.3035121963816773,
        1.6390348725487618,
        1.1261076614351229,
        -0.20075337846697314,
        -1.5718897644789076,
        0.1249460659249785,
        0.08196206231691441,
        -0.7438987898721062,
        -1.135187123830402,
        -0.038167130455326145
      ],
      [
        -2.002738039342528,
        0.08876984301294973,
        -1.1271160837768268,
        -0.7865182214013916,
        1.8371267793905133,
        1.1783905975391682,
        2.3579427308292606,
        -0.5932040431894102,
        -1.0133737682959278,
        -3.3626373041609683,
        0.8792833244072583,
        -0.37071486063169734,
        -0.10906924479961126,
        -0.38692634510476087,
        -1.0419733671766023,
        -1.1390961533930883,
        -1.0294309009269713,
        -0.9718272077927106,
        -0.6194085261575276,
        4.671511618303156
      ],
      [
        1.819506659808441,
        1.6553701607408595,
        -0.08816989368896158,
        0.6276353863808951,
        2.295465760606827,
        2.594147797430586,
        -1.1775658160580862,
        -0.5036635411398169,
        -0.4262728613877844,
        -1.0200466379182846,
        0.8791286769518294,
        1.0761316710797164,
        -3.041926209439312,
        1.2792010444077808,
        -2.9234943448813295,
        1.7078278532177322,
        -0.3639006421917269,
        -0.3175972213142945,
        -1.4521838100484172,
        0.5079178679307624
      ],
      [
        0.4197259078420962,
        0.9146207595987403,
        0.6755379106479551,
        -0.44083245208267546,
        0.7098437859699964,
        -1.5269499596752392,
        0.8587953392862282,
        0.2463174856834212,
        -1.8902060509048078,
        0.8010697938824092,
        1.4872090059059189,
        -0.8009412534020468,
        -0.030524938299079624,
        -1.2634243842653101,
        -1.1991423783936712,
        -0.9392710506966644,
        -1.179623228267646,
        0.4503206507907312,
        0.5990843902916321,
        0.35604105632486005
      ],
      [
        -0.6245164185633792,
        -2.090693508105689,
        0.19278745497121624,
        2.4931390495555497,
        1.5746107174502744,
        -2.6456301952871777,
        0.9330668038245229,
        0.24066535946187362,
        3.16470910593657,
        0.0497177809897976,
        -1.6695146531096818,
        -0.46283969711216766,
        -1.5530271492298575,
        4.097535206728577,
        1.821515628117409,
        -2.6095494438685263,
        -3.8170878024865273,
        0.17827526005940306,
        1.7635147217201583,
        -0.4443790831543349
      ],
      [
        2.468249888519743,
        -2.6429559825950424,
        1.977890805013711,
        0.6292768189588352,
        1.6828295168417102,
        -0.34873502312876803,
        1.0413822106194717,
        -0.112604124665577,
        1.1042852209480165,
        0.6692187802725567,
        -1.9213980136785342,
        1.2904183789332742,
        0.5189079404822892,
        -0.04288729157709234,
        1.3025845945655357,
        1.091248848333691,
        1.2671493350089282,
        -2.088467113949481,
        -0.3985644601387392,
        0.9706165108922022
      ],
      [
        0.2990532513571216,
        0.07736182428460352,
        2.8379757379826467,
        -0.7687731435295965,
        -0.057028460185661906,
        3.3396144726734027,
        0.4342673166735332,
        -2.7925123716212794,
        -1.2622176404135574,
        -0.02949322660875814,
        1.4456858689255572,
        -1.9380660377795902,
        2.2903637607905374,
        0.6158472112492016,
        -0.319875171265506,
        -0.6321078139448506,
        -0.3639149695571147,
        3.370172560089503,
        -0.6198449897486308,
        1.0965172286397051
      ],
      [
        -0.6006622796422453,
        0.43918603494280206,
        -0.08577240157396379,
        -1.2388119201528203,
        -1.293482270066563,
        -0.955196240565217,
        1.714595235536417,
        0.9442762973781418,
        3.715905871646232,
        0.2754917978389385,
        1.4006754954477856,
        -0.6197719076374493,
        1.5687759828931478,
        -0.09848885794590428,
        -1.415229886132806,
        2.3967474421240818,
        -1.9444057821653609,
        1.7269883604795075,
        -0.5183540448860756,
        2.7751117363574775
      ],
      [
        -0.269523884782763,
        2.2145478158035203,
        -0.33403671752085273,
        -0.609379581918962,
        -2.0898441377995964,
        -1.1808434973681678,
        1.9151696416211466,
        -0.3378099059489677,
        0.7161368795722073,
        -1.317861008105302,
        0.6757856780705268,
        -2.2246740863423327,
        -1.5745299445357783,
        1.0792449077582198,
        -1.4478193351487927,
        0.6082530613260357,
        0.5047292232131596,
        -2.650594914699487,
        -2.9607549720965363,
        -1.0111573097225308
      ],
      [
        -1.1230364821160363,
        1.8112458108135225,
        -0.4469265512040692,
        1.3402388669358098,
        1.4096385031047363,
        -0.28214888517892517,
        0.6262923270541578,
        1.378862218838795,
        0.08880003514588963,
        2.639436422098839,
        1.2281884132397467,
        -0.23564765206672392,
        0.47166909122881173,
        0.23256183227716898,
        -0.6750325505390199,
        1.4892134669126804,
        -0.7581111127334728,
        -0.8330985646552478,
        1.5275682626383387,
        0.7686780453946814
      ],
      [
        1.8146769072807913,
        -1.5164978509261386,
        -0.08172058905556609,
        -0.7218715454862454,
        0.6287710377708926,
        -2.548557826846496,
        -0.2701990935367372,
        -1.2052700364250986,
        0.2399677799595483,
        -0.11464515675175069,
        0.9136207212580345,
        0.729062153826316,
        0.1435290678924419,
        -0.16186735864559634,
        -2.838732399257812,
        1.5325426471715535,
        -1.1674257900529865,
        -0.23925432737602823,
        0.6227552926305374,
        1.7908534380642467
      ],
      [
        0.060058057167295564,
        -3.581667506995951,
        -1.4759071380640567,
        -2.1285068809398595,
        1.9824364008519433,
        1.4151915447181165,
        1.9090260197895583,
        1.8804649528687465,
        -1.9009380808300205,
        1.5848201167447917,
        -1.0165992442689082,
        0.31360104651542686,
        -1.475796024061783,
        2.5547211889015893,
        -0.09206553292456238,
        0.8358882042453123,
        -3.46259943733409,
        -2.399588943798162,
        -1.9376596731543834,
        -1.6676201683016685
      ]
    ],
    "size": [
      12,
      20
    ]
  },
  "weights_h1_h2": {
    "mathjs": "DenseMatrix",