{
  "in": 10,
  "hn_1": 20,
  "on": 3,
  "weights_i_h": {
    "mathjs": "DenseMatrix",
    "data": [
      [
        -2.305343807241998,
        1.9547971502394836,
        -2.937435411718025,
        0.06733116467168744,
        0.23653491613493438,
        1.0482823195271056,
        0.4526899357247218,
        -0.04411888469296085,
        0.43585666131526396,
        1.0990013062152444,
        0.24406872290349602,
        0.033417390773072,
        -1.0372601525224314,
        0.598159776738497,
        -1.3572555137902111,
        0.9712297006623319,
        1.2630138333396068,
        -1.0239355025871728,
        -4.687591826868023,
        0.9119911218226256
      ],
      [
        0.3467447866620665,
        -3.811430228810135,
        1.4193283317766539,
        1.7245697153839856,
        -1.783668399614577,
        -0.4125567884432383,
        -1.1033823588696179,
        -2.4862152931496646,
        -1.3993518450547373,
        0.7552183710852374,
        2.250963212566759,
        -3.5181249922309226,
        -3.507215861818537,
        3.2131973070573134,
        -0.1834588264727432,
        1.034907414588225,
        0.805097869238517,
        3.021857610574433,
        2.2993566069420974,
        -3.1395820757551105
      ],
      [
        0.676335414822606,
        2.34341901514106,
        -1.6197645918821297,
        -1.145794768403394,
        2.0912181531231235,
        1.719921274380312,
        0.07867922149817064,
        -0.7405406812712435,
        1.3279199156719341,
        0.07478815500465158,
        -0.003745888087855115,
        -1.5626987403467205,
        0.3129478692869612,
        -1.4238870603959333,
        -2.342939227926456,
        0.4728121187877401,
        -0.012687257113894151,
        2.82754823987603,
        -0.5315698757804531,
        -2.5954937523794603
      ],
      [
        4.193102890503949,
        -0.10907810728952884,
        -2.9915812128570027,
        1.2004939428731978,
        1.3722616109999235,
        0.36522136156940704,
        -1.5053406143637398,
        -1.2600377161148033,
        -0.8011462195580358,
        0.7150716180124465,
        1.8530356286037932,
        -1.1167717214809199,
        1.5280870934636925,
        0.7928947659297905,
        -0.5278245811930156,
        -2.954084741728464,
        0.6129372478527934,
        -0.14805892493280043,
        -0.5979502171515724,
        -0.921462593407946
      ],
      [
        2.19613824327375,
        0.02149854602439144,
        0.40646726038249026,
        -0.08400600760006094,
        -1.088813950875707,
        2.060760355011276,
        0.5575337870696832,
        -1.955817816065247,
        3.155329857007964,
        -0.48107234858664644,
        -2.25994379027045,
        -3.8993490486619167,
        -1.6705149786077755,
        0.46814381207543104,
        -2.293920154295229,
        1.3986341230583652,
        1.384458571639353,
        0.6415850545768131,
        3.3638078161542135,
        -1.825443037399352
      ],
      [
        -1.0136009553608478,
        -0.4544571386814442,
        -0.35615386654986053,
        -0.010935748513079824,
        -0.8660037071575457,
        -2.0368424534951237,
        -1.33578022083132,
        0.6649855805039934,
        -0.9076159277504208,
        -0.19962489957658247,
        -0.5115842549166972,
        -2.9331175051840908,
        -1.4177390980422158,
        -2.1837356765171103,
        -4.199426479383231,
        -3.0625036696787813,
        0.21110395854492348,
        -1.86245640894495,
        -2.2390206247667415,
        -1.5976401090043175
      ],
      [
        -0.386808631018198,
        -2.8111850262118523,
        -0.5216147293238144,
        -2.288146944210361,
        -3.435137022990438,
        -0.805756166064726,
        -0.007305071706377023,
        0.25794789072353397,
        -0.5095479867669088,
        -2.0981922216598807,
        0.8515378190798726,
        1.1495156179647288,
        0.26365303742994295,
        -3.9977692210625104,
        -0.5488049430140033,
        -0.2905171178636097,
        0.9774851346299609,
        1.151741918021968,
        -1.6327026193081553,
        -1.0216443915501205
      ],
      [
        -0.5046300129046677,
        -0.533905104581497,
        0.7677687185404521,
        0.2465185109160734,
        0.9792877066574552,
        -0.28921397072635424,
        0.7437634691549339,
        -2.777346399194592,
        1.3851579913719867,
        -2.5321476838361536,
        -0.3851070688544173,
        0.004487709258511215,
        -0.012945328721385152,
        2.9059492393468207,
        -1.5695371567310594,
        -1.5039728152118388,
        2.1306146946669746,
        0.6782046683779951,
        -0.1531508125644857,
        0.5265343837790889
      ],
      [
        -0.9277056567610373,
        1.328110200131797,
        -1.015182918543524,
        -1.38388439709102,
        -0.05417786039949812,
        0.957697646555721,
        -0.9451298596072948,
        -2.0318221820848184,
        1.9892663725345991,
        0.5323079203437417,
        -1.3052314663689146,
        2.218282009869952,
        -0.7093994685077241,
        -4.253211116038303,
        -2.7397890828805593,
        3.8495277808040282,
        -0.8312944630865055,
        0.1261540037897121,
        1.4751752152530422,
        -0.0878358986488632
      ],
      [
        2.301249820831752,
        -0.7289825242290136,
        -0.33830360464870396,
        -1.707860517382454,
        -0.15448479159950157,
        0.7499535812298935,
        -0.4278246265071462,
        -0.3783810917036538,
        1.1423526436928741,
        0.6808766035196151,
        2.5759194727181485,
        0.1783906735091852,
        -0.7911260645535506,
        0.9862379205082357,
        -1.2677616276236063,
        1.2746395016070822,
        0.003785790041921519,
        -2.0775145735594944,
        0.23822122346352326,
        3.8646056168309757
      ]
    ],
    "size": [
      10,
      20
    ]
  },
  "weights_h_o": {
    "mathjs": "DenseMatrix",