{
  "in": 10,
  "hn_1": 20,
  "on": 3,
  "weights_i_h": {
    "mathjs": "DenseMatrix",
    "data": [
      [
        0.0819006321029083,
        0.056911377734440896,
        -0.5496726976407149,
        0.7421123949657622,
        -0.743116225227126,
        0.17062827072740885,
        1.6121878803359824,
        0.06835775784337511,
        1.0827248206673448,
        0.9933960304122199,
        -0.26050724138047116,
        -0.747358438308689,
        -1.228851701557394,
        1.2357950870453007,
        0.2027523980728471,
        0.18772946716062033,
        0.0017541704470278516,
        0.5888233278633108,
        -1.4240681074934913,
        1.0531239736940914
      ],
      [
        0.04510765570610717,
        -1.0373776322720203,
        0.2964349167578954,
        0.026858396120598038,
        1.4583592461520885,
        -0.879529536278042,
        -1.1798194433280034,
        1.4761160354415146,
        1.1726454112774307,
        -0.9227435066732186,
        -1.6164077229707212,
        0.47559502811312093,
        -0.4236424646891485,
        -0.09824017667760518,
        1.2575893447222573,
        -0.4788483660497702,
        1.272455137308964,
        -0.8914610577097207,
        0.481178187658561,
        -0.500756170642452
      ],
      [
        0.43634894508066646,
        0.3015616219436066,
        0.20947402309214194,
        -0.23762965728836155,
        0.11883046474833468,
        -0.7911028416399044,
        0.8114406012610054,
        -1.0403435370960399,
        0.18325480085108634,
        0.04785016959502045,
        -1.041260411387425,
        -1.101910625071436,
        0.4125736137727107,
        -0.2991162522311207,
        0.2678310373873113,
        -0.1654886518221463,
        0.8138085003364537,
        0.5738268735498687,
        -0.4688717631108983,
        -1.7842207340767384
      ],
      [
        -1.3021035383300594,
        1.6074891922281769,
        1.056378864903017,
        -0.2883211172228804,
        0.5041441446553274,
        0.6911740380385502,
        -2.2715835793099597,
        -1.193052708783282,
        -0.47921093139334614,
        3.1054887879683473,
        -0.8341140685863843,
        -1.5298447189168618,
        -0.9060152806785602,
        -0.9858054874541335,
        -1.0900935965185086,
        0.5953499944745801,
        -0.1210145779318517,
        1.4332817140243574,
        -1.0987591932629297,
        0.15303604087485068
      ],
      [
        -0.17936500312385448,
        -0.039796880871663,
        -1.7686815038494348,
        0.5800153319336782,
        0.23851585325968863,
        0.03326926742151959,
        1.3983544616101502,
        0.4003768428290343,
        2.6587278384272466,
        -0.071541808326891,
        1.5323836369206252,
        0.6406130598862032,
        -0.3916707683493842,
        1.313776809431793,
        2.56916823516858,
        -0.1597531042362616,
        -1.104340906609044,
        2.150693710388498,
        -0.1890892514315547,
        1.421198921283798
      ],
      [
        0.9844709002452698,
        1.0023542432270212,
        1.5861087001275505,
        -0.5605734136613001,
        -2.5804717948746814,
        -0.3632480371375516,
        0.43133514916145554,
        -0.9499018273332852,
        -0.33556450375212454,
        -0.9145690491352253,
        -0.6160314701992671,
        -0.4740173571353547,
        1.729268031460641,
        -1.6179266032196968,
        0.06734998733716453,
        -1.4413259612766165,
        -1.8640373131398456,
        -0.14414195484116354,
        -0.45506196852827885,
        -0.05282760689778557
      ],
      [
        1.123154515769622,
        -1.9284531826997167,
        1.7284978807981373,
        1.5523128335951053,
        -0.1517371382296983,
        1.2451531780584653,
        -0.2108202100698468,
        0.7337790995870094,
        -0.6050210938805825,
        0.23038951977575145,
        0.5102492301406332,
        -0.036134526234782305,
        0.7018249842213097,
        -0.43349114188655163,
        -1.333908900775656,
        0.3170852524411748,
        1.3278477621874305,
        0.8418407752422011,
        -1.0315056107967073,
        0.04634564963550241
      ],
      [
        -0.7165597904023352,
        1.4335091105242896,
        0.5081132893904652,
        -0.79169635625904,
        -0.8865800461877098,
        1.2312418231941238,
        -0.32188725036892496,
        0.7910241486863829,
        0.09240202377616921,
        0.406627833035735,
        -0.39457866292301924,
        -0.5352687082314711,
        -0.7603900413878346,
        0.11196336307765573,
        -0.5172423794793438,
        -0.1858739419203133,
        -0.11944140921023194,
        2.0292493929026802,
        -0.49582538602581994,
        0.8477083229381683
      ],
      [
        0.26468870352198365,
        -2.353125088628197,
        -0.7957566095848345,
        0.44834853180582046,
        -0.20103283716049047,
        2.5585368511880024,
        1.1487392288822629,
        0.6302244624351768,
        -1.131417395837305,
        -0.2932323065821888,
        -0.391110593276668,
        -0.07823489615833588,
        0.4444161867523745,
        -0.09364991978779082,
        0.21708572979142554,
        0.018362963481300863,
        -1.6840300721319916,
        0.28866473043995977,
        -0.054390518903090934,
        0.08601278005604786
      ],
      [
        -1.2088999926097834,
        1.8367097114526736,
        0.48904732916206417,
        -0.04701055650658835,
        -0.5511688686854751,
        -0.9710418840480703,
        1.2607544085262616,
        -0.4615398367438441,
        -0.05214796503479678,
        2.1702518196819636,
        -0.43494248587526535,
        -1.074396983062352,
        0.0724065258968329,
        0.15749961579379695,
        0.1344241651836251,
        1.5489972115529784,
        -0.9819786928148471,
        1.5216129797723874,
        0.7789401949782816,
        -0.05074330354271648
      ]
    ],
    "size": [
      10,
      20
    ]
  },
  "weights_h_o": {
    "mathjs": "DenseMatrix",